City ID,City,Latitude,Longitude,Max Temperature,Humidity,Cloudiness,Wind Speed,Date,Country
0,Jamestown,42.097,-79.2353,64.71,90,90,3.0,1627811429,US
1,Kapit,2.0167,112.9333,78.58,90,100,4.92,1627811329,MY
2,Atuona,-9.8,-139.0333,77.23,64,85,13.82,1627811429,PF
3,Hobart,-42.8794,147.3294,44.06,74,20,4.0,1627811430,AU
4,Saskylakh,71.9167,114.0833,83.3,27,66,8.55,1627811391,RU
5,New Norfolk,-42.7826,147.0587,43.72,74,15,1.01,1627811430,AU
6,Alofi,-19.0595,-169.9187,73.29,100,61,6.91,1627811430,NU
7,Henties Bay,-22.116,14.2845,82.72,22,0,22.7,1627811430,NA
8,Busselton,-33.65,115.3333,52.05,65,8,12.06,1627811430,AU
9,Cidreira,-30.1811,-50.2056,51.67,88,73,5.01,1627811430,BR
10,Artyom,40.4723,50.333,91.54,46,70,6.76,1627811430,AZ
11,Novopetrovskoye,55.9928,36.4719,74.32,97,100,2.77,1627811213,RU
12,Egvekinot,66.3167,-179.1667,40.62,68,96,0.16,1627811431,RU
13,Bluff,-46.6,168.3333,43.81,91,40,6.87,1627811431,NZ
14,Nome,64.5011,-165.4064,48.27,87,90,4.61,1627811431,US
15,Torbay,47.6666,-52.7314,62.58,87,75,13.8,1627811431,CA
16,Yellowknife,62.456,-114.3525,66.33,82,20,1.01,1627811431,CA
17,Kaitangata,-46.2817,169.8464,47.68,97,100,3.74,1627811431,NZ
18,Georgetown,5.4112,100.3354,80.53,89,40,3.44,1627811431,MY
19,Qaanaaq,77.484,-69.3632,40.12,92,90,4.05,1627811432,GL
20,Bredasdorp,-34.5322,20.0403,63.72,63,69,12.66,1627811432,ZA
21,Marsh Harbour,26.5412,-77.0636,83.17,74,6,11.21,1627811432,BS
22,Bathsheba,13.2167,-59.5167,81.21,78,0,13.8,1627811432,BB
23,Khromtau,50.2503,58.4347,94.57,14,0,11.83,1627811432,KZ
24,Punta Arenas,-53.15,-70.9167,39.31,87,0,13.8,1627811432,CL
25,Rozhdestveno,53.2375,50.0597,86.99,27,85,9.35,1627811432,RU
26,Ternate,0.8,127.4,82.44,77,33,8.37,1627811432,ID
27,Makakilo City,21.3469,-158.0858,77.32,65,1,5.75,1627811432,US
28,Chuy,-33.6971,-53.4616,44.87,94,0,2.84,1627811433,UY
29,Albany,42.6001,-73.9662,59.04,89,43,3.38,1627811433,US
30,Ust-Ishim,57.6935,71.1665,67.59,86,100,6.04,1627811433,RU
31,Ushuaia,-54.8,-68.3,42.46,61,20,6.91,1627811378,AR
32,Iwanai,42.9744,140.5089,77.68,90,64,1.74,1627811433,JP
33,North Bend,43.4065,-124.2243,60.24,97,90,10.36,1627811433,US
34,Lebu,-37.6167,-73.65,45.61,73,8,12.86,1627811433,CL
35,Leningradskiy,69.3833,178.4167,34.75,96,99,14.43,1627811433,RU
36,Port Alfred,-33.5906,26.891,74.03,38,88,20.69,1627811433,ZA
37,Hilo,19.7297,-155.09,74.93,87,90,4.61,1627811434,US
38,Rikitea,-23.1203,-134.9692,70.07,72,96,24.23,1627811434,PF
39,Ewa Beach,21.3156,-158.0072,78.75,64,1,20.0,1627811434,US
40,Marathon,44.9,-89.7668,56.88,91,1,3.44,1627811418,US
41,Thompson,55.7435,-97.8558,48.36,93,1,2.3,1627811434,CA
42,Cabo San Lucas,22.8909,-109.9124,82.51,79,93,0.92,1627811434,MX
43,Naze,28.3667,129.4833,81.52,87,91,13.47,1627811434,JP
44,Tuktoyaktuk,69.4541,-133.0374,58.37,66,45,15.73,1627811435,CA
45,Kirya,-3.9167,37.4833,82.4,32,80,18.25,1627811435,TZ
46,Freeport,40.6576,-73.5832,69.76,86,1,0.0,1627811435,US
47,Nizhniy Ingash,56.2,96.53,64.98,77,100,3.04,1627811435,RU
48,Manono,-7.3,27.4167,88.63,24,3,9.91,1627811232,CD
49,San Quintin,30.4833,-115.95,68.79,86,0,7.81,1627811435,MX
50,Lorengau,-2.0226,147.2712,82.47,78,6,7.67,1627811435,PG
51,Saint-Augustin,51.226,-58.6502,53.01,79,53,7.05,1627811435,CA
52,Butaritari,3.0707,172.7902,83.5,70,29,8.08,1627811436,KI
53,Madang,-5.2246,145.7966,79.56,83,93,4.29,1627811436,PG
54,Codrington,-38.2667,141.9667,44.69,95,50,8.52,1627811436,AU
55,La Reforma,25.0833,-108.05,78.75,81,100,1.74,1627811436,MX
56,Hasaki,35.7333,140.8333,86.29,86,6,8.46,1627811436,JP
57,Vaini,-21.2,-175.2,71.76,83,40,26.46,1627811436,TO
58,Dikson,73.5069,80.5464,40.93,98,100,5.53,1627811436,RU
59,Conde,-7.2597,-34.9075,72.86,94,40,5.75,1627811437,BR
60,Zhangjiakou,40.81,114.8794,74.01,53,1,14.79,1627811437,CN
61,Muli,2.9167,73.5667,82.87,70,76,5.93,1627811437,MV
62,Constitucion,-35.3333,-72.4167,48.45,73,1,5.99,1627811437,CL
63,Port-Gentil,-0.7193,8.7815,78.76,78,75,9.22,1627811437,GA
64,Hithadhoo,-0.6,73.0833,82.2,69,97,3.74,1627811437,MV
65,Kavaratti,10.5669,72.642,82.71,75,87,15.75,1627811437,IN
66,Barranca,-10.75,-77.7667,62.06,86,96,6.6,1627811437,PE
67,Bengkulu,-3.8004,102.2655,80.17,85,81,6.33,1627811438,ID
68,Puerto Ayora,-0.7393,-90.3518,71.55,86,27,5.01,1627811438,EC
69,Souillac,-20.5167,57.5167,75.58,60,75,16.11,1627811438,MU
70,Cao Bang,22.6667,106.25,76.8,97,100,1.12,1627811438,VN
71,Te Anau,-45.4167,167.7167,43.07,94,47,0.94,1627811438,NZ
72,Tahoua,14.8888,5.2692,84.18,65,20,11.5,1627811438,NE
73,Cassilandia,-19.1133,-51.7342,57.27,36,20,2.39,1627811438,BR
74,Batagay,67.6333,134.6333,66.67,35,0,7.34,1627811438,RU
75,Khatanga,71.9667,102.5,66.54,58,99,9.51,1627811438,RU
76,Ostrovnoy,68.0531,39.5131,55.29,68,28,3.13,1627811439,RU
77,Touros,-5.1989,-35.4608,72.5,81,35,14.61,1627811439,BR
78,Kapaa,22.0752,-159.319,80.92,78,40,1.99,1627811439,US
79,Tiksi,71.6872,128.8694,48.7,71,1,4.72,1627811341,RU
80,Shingu,33.7333,135.9833,83.39,87,99,3.76,1627811439,JP
81,Fortuna,40.5982,-124.1573,61.41,94,90,1.01,1627811439,US
82,Bambous Virieux,-20.3428,57.7575,75.45,60,75,16.11,1627811439,MU
83,Castro,-24.7911,-50.0119,44.51,90,100,5.32,1627811281,BR
84,Hermanus,-34.4187,19.2345,61.81,77,66,13.69,1627811440,ZA
85,Hamilton,39.1834,-84.5333,61.74,93,1,0.0,1627811440,US
86,Katherine,-14.4667,132.2667,82.72,34,5,4.61,1627811440,AU
87,Khani,41.9563,42.9566,80.17,44,3,6.58,1627811440,GE
88,Amapa,1.0,-52.0,70.12,99,72,1.21,1627811440,BR
89,Clyde River,70.4692,-68.5914,37.63,100,90,5.75,1627811440,CA
90,Samarai,-10.6167,150.6667,77.32,62,91,11.07,1627811440,PG
91,Pidhorodne,48.5753,35.1068,88.84,33,2,3.51,1627811440,UA
92,Carnarvon,-24.8667,113.6333,68.07,63,15,17.27,1627811440,AU
93,Port Elizabeth,-33.918,25.5701,62.89,77,40,20.71,1627811419,ZA
94,Iqaluit,63.7506,-68.5145,51.53,66,75,8.99,1627811441,CA
95,Ishigaki,24.3448,124.1572,84.33,84,75,5.75,1627811441,JP
96,Mareeba,-17.0,145.4333,67.44,88,52,4.88,1627811441,AU
97,Kuminskiy,58.6667,66.5667,74.97,74,97,5.77,1627811441,RU
98,Natal,-5.795,-35.2094,73.62,94,75,6.91,1627811441,BR
99,Victoria,22.2855,114.1577,86.97,83,100,1.01,1627811238,HK
100,Ponta Do Sol,32.6667,-17.1,76.71,71,8,4.05,1627811441,PT
101,Cape Town,-33.9258,18.4232,63.1,67,40,5.75,1627811373,ZA
102,Chokurdakh,70.6333,147.9167,43.16,53,16,11.79,1627811442,RU
103,Mahanoro,-19.9,48.8,70.95,77,33,5.99,1627811442,MG
104,Cedar Rapids,42.0083,-91.6441,65.05,93,1,1.01,1627811442,US
105,Kikwit,-5.041,18.8162,96.87,12,4,1.9,1627811442,CD
106,Bubaque,11.2833,-15.8333,78.62,84,99,15.03,1627811442,GW
107,Lavrentiya,65.5833,-171.0,40.6,94,100,7.27,1627811442,RU
108,Manakara,-22.1333,48.0167,72.9,67,17,4.81,1627811442,MG
109,Sitka,57.0531,-135.33,60.69,88,90,8.05,1627811443,US
110,Noumea,-22.2763,166.4572,69.01,99,85,11.79,1627811341,NC
111,Formosa,-26.1775,-58.1781,44.58,87,0,0.0,1627811443,AR
112,Wad Rawah,15.1603,33.1397,85.86,53,93,15.37,1627811443,SD
113,Vila Velha,-20.3297,-40.2925,70.97,81,75,4.61,1627811443,BR
114,Port Blair,11.6667,92.75,82.98,80,100,19.57,1627811443,IN
115,Kilindoni,-7.9139,39.6668,76.84,72,18,18.19,1627811443,TZ
116,Dourdan,48.5277,2.0111,69.64,67,67,7.99,1627811443,FR
117,Longonjo,-12.9067,15.2533,69.39,18,0,6.6,1627811443,AO
118,Umba,66.6871,34.3429,57.11,81,97,8.77,1627811443,RU
119,Matara,5.9485,80.5353,84.27,69,100,14.83,1627811444,LK
120,Rafsanjan,30.4067,55.9939,94.1,19,15,13.35,1627811444,IR
121,College,64.8569,-147.8028,66.18,69,75,3.44,1627811444,US
122,Santa Ana,33.7456,-117.8678,78.06,83,1,0.0,1627811444,US
123,Vanimo,-2.6741,141.3028,80.17,85,18,6.11,1627811444,PG
124,Bandar-E Lengeh,26.5579,54.8807,96.91,71,10,9.22,1627811402,IR
125,Hirara,24.8,125.2833,82.67,94,75,12.66,1627811445,JP
126,Bryan,30.6744,-96.37,80.35,87,1,0.0,1627811445,US
127,Mayo,38.8876,-76.5119,72.9,93,90,1.99,1627811445,US
128,Esperance,-33.8667,121.9,48.04,64,88,23.67,1627811445,AU
129,Mahebourg,-20.4081,57.7,75.49,60,75,16.11,1627811445,MU
130,Kavieng,-2.5744,150.7967,82.49,73,4,5.84,1627811390,PG
131,Paez,5.1011,-73.0512,60.8,98,89,1.5,1627811445,CO
132,Lata,40.1629,-8.3327,70.36,47,62,4.76,1627811446,PT
133,Lianran,24.9227,102.485,77.54,55,77,7.2,1627811446,CN
134,Beidao,34.5686,105.8933,96.69,22,0,10.65,1627811446,CN
135,Oranjemund,-28.55,16.4333,75.07,26,1,6.38,1627811446,NA
136,Barrow,71.2906,-156.7887,48.22,83,20,9.22,1627811446,US
137,Makurdi,7.7411,8.5121,78.96,78,100,5.35,1627811344,NG
138,Lithgow,-33.4833,150.15,49.57,94,99,6.22,1627811446,AU
139,Billings,45.7833,-108.5007,73.51,40,1,5.75,1627811446,US
140,Upernavik,72.7868,-56.1549,43.9,77,100,5.41,1627811446,GL
141,Rawson,-43.3002,-65.1023,43.68,58,86,15.95,1627811446,AR
142,Mataura,-46.1927,168.8643,43.48,98,100,2.64,1627811447,NZ
143,Klaksvik,62.2266,-6.589,49.12,78,98,12.97,1627811447,FO
144,Nyurba,63.2842,118.3319,81.16,36,28,5.53,1627811447,RU
145,East London,-33.0153,27.9116,85.14,11,0,13.8,1627811301,ZA
146,Pak Phanang,8.3511,100.202,91.04,58,96,12.41,1627811447,TH
147,Mbeya,-8.9,33.45,70.57,41,27,5.61,1627811447,TZ
148,Norman Wells,65.282,-126.8329,66.24,52,75,5.75,1627811447,CA
149,High Rock,26.6208,-78.2833,82.42,73,8,12.39,1627811447,BS
150,Luderitz,-26.6481,15.1594,78.87,23,0,6.38,1627811447,NA
151,Leshukonskoye,64.8989,45.7622,66.58,61,88,8.16,1627811448,RU
152,Port Augusta,-32.5,137.7667,55.54,52,4,6.55,1627811448,AU
153,Shatrovo,56.5167,64.6333,77.59,71,51,14.12,1627811448,RU
154,Avarua,-21.2078,-159.775,77.05,78,100,18.41,1627811448,CK
155,Sulangan,11.1373,123.7228,85.48,76,91,17.96,1627811448,PH
156,Baillif,16.0202,-61.7463,76.5,77,2,8.03,1627811448,GP
157,Laguna,38.421,-121.4238,79.3,66,1,3.0,1627811448,US
158,Zhezkazgan,47.8043,67.7144,96.3,15,66,7.23,1627811448,KZ
159,Teya,60.3778,92.6267,77.38,33,39,2.15,1627811449,RU
160,Tamiahua,21.2667,-97.45,76.3,85,1,3.42,1627811449,MX
161,Bozeman,45.6796,-111.0386,68.49,58,1,3.0,1627811449,US
162,Nouadhibou,20.931,-17.0347,75.18,78,20,10.36,1627811449,MR
163,Yashan,22.1975,109.9419,81.91,88,100,1.7,1627811449,CN
164,Perleberg,53.0667,11.8667,70.99,68,98,9.24,1627811449,DE
165,Killin,33.6123,-91.7412,82.35,83,1,5.01,1627811449,US
166,Airai,-8.9266,125.4092,60.3,82,43,1.1,1627811449,TL
167,Najran,17.4924,44.1277,97.45,16,30,9.98,1627811449,SA
168,Guanambi,-14.2233,-42.7814,63.03,68,69,11.14,1627811450,BR
169,Hobyo,5.3505,48.5268,84.79,60,66,19.82,1627811450,SO
170,Nemuro,43.3236,145.575,68.43,99,100,12.57,1627811450,JP
171,Lengshuitan,26.4111,111.5956,98.49,34,49,4.72,1627811450,CN
172,Coahuayana,18.7333,-103.6833,76.32,91,92,3.83,1627811450,MX
173,Vallenar,-28.5708,-70.7581,60.98,25,2,3.24,1627811450,CL
174,Carauari,-4.8828,-66.8958,70.23,55,98,3.0,1627811450,BR
175,Praia,14.9215,-23.5087,77.54,69,75,11.5,1627811450,CV
176,Punto Fijo,11.6956,-70.1996,79.12,85,8,25.81,1627811451,VE
177,Namibe,-15.1961,12.1522,82.62,36,0,4.92,1627811451,AO
178,Middelkerke,51.1558,2.8418,68.22,85,75,11.5,1627811451,BE
179,Port Lincoln,-34.7333,135.8667,52.3,77,5,12.01,1627811451,AU
180,Cabedelo,-6.9811,-34.8339,74.07,82,49,17.78,1627811451,BR
181,Kruisfontein,-34.0033,24.7314,67.42,44,73,12.64,1627811451,ZA
182,Jacareacanga,-6.2222,-57.7528,73.02,49,100,2.77,1627811451,BR
183,Ardakan,32.31,54.0175,98.98,11,81,4.34,1627811452,IR
184,Broken Hill,-31.95,141.4333,53.31,62,2,0.0,1627811452,AU
185,Banda Aceh,5.5577,95.3222,84.4,64,85,18.37,1627811452,ID
186,Komsomolskiy,40.4272,71.7189,95.72,20,93,6.91,1627811452,UZ
187,Kazerun,29.6195,51.6541,102.09,11,1,11.52,1627811412,IR
188,Cherskiy,68.75,161.3,37.67,72,97,20.33,1627811452,RU
189,Soe,-9.8607,124.284,68.13,69,21,4.43,1627811452,ID
190,Saint George,37.1041,-113.5841,78.64,59,1,5.99,1627811452,US
191,Comrat,46.3003,28.6572,89.24,41,0,3.76,1627811452,MD
192,Pangnirtung,66.1451,-65.7125,49.55,71,39,3.29,1627811453,CA
193,Rabak,13.1809,32.74,79.56,64,99,8.97,1627811453,SD
194,Genhe,50.7833,121.5167,53.17,92,100,2.82,1627811453,CN
195,Eureka,40.8021,-124.1637,61.66,93,72,1.01,1627811453,US
196,Alyangula,-13.8483,136.4192,78.67,65,7,5.75,1627811453,AU
197,Thunder Bay,48.4001,-89.3168,55.29,95,75,3.44,1627811453,CA
198,Kutum,14.2,24.6667,82.65,50,60,13.35,1627811453,SD
199,Netivot,31.4222,34.5886,88.61,29,0,10.27,1627811268,IL
200,Mar Del Plata,-38.0023,-57.5575,44.62,30,90,1.01,1627811170,AR
201,Prieska,-29.6641,22.7474,70.83,19,16,16.62,1627811453,ZA
202,Ramnagar,29.4,79.1167,88.9,68,82,2.08,1627811453,IN
203,Tasiilaq,65.6145,-37.6368,42.69,80,16,0.56,1627811454,GL
204,Nanakuli,21.3906,-158.1547,78.75,64,1,5.75,1627811454,US
205,Usinsk,65.9939,57.5281,58.84,94,92,17.07,1627811454,RU
206,Poso,-1.3959,120.7524,80.51,83,100,0.36,1627811454,ID
207,Hatfield,51.7634,-0.2242,65.84,80,75,8.05,1627811454,GB
208,Shimoda,34.6667,138.95,81.1,82,8,5.82,1627811454,JP
209,Tuatapere,-46.1333,167.6833,43.83,96,60,4.74,1627811454,NZ
210,Veraval,20.9,70.3667,83.34,79,95,22.35,1627811454,IN
211,Kununurra,-15.7667,128.7333,84.18,42,72,1.14,1627811454,AU
212,Lloydminster,53.2835,-110.0016,61.02,67,1,5.75,1627811454,CA
213,Tadine,-21.55,167.8833,68.49,57,26,18.19,1627811455,NC
214,Stephenville,32.2207,-98.2023,78.8,81,1,3.44,1627811455,US
215,Batagay-Alyta,67.8006,130.4114,71.04,37,2,9.64,1627811455,RU
216,Trinidad,-14.8333,-64.9,66.18,72,75,6.91,1627811455,BO
217,Asau,46.4333,26.4,87.76,49,0,1.88,1627811455,RO
218,Mayumba,-3.432,10.6554,77.92,70,45,6.69,1627811455,GA
219,Huarmey,-10.0681,-78.1522,63.09,87,68,6.4,1627811455,PE
220,Hole Narsipur,12.7828,76.2431,81.25,58,86,18.77,1627811455,IN
221,General Roca,-39.0333,-67.5833,27.0,60,33,7.58,1627811259,AR
222,Alugan,12.2188,125.4808,86.27,67,99,9.44,1627811456,PH
223,Zabol,32.25,67.25,90.93,12,0,23.6,1627811456,AF
224,Suicheng,33.8963,117.9331,87.01,77,8,5.91,1627811456,CN
225,Longyearbyen,78.2186,15.6401,48.04,61,20,11.5,1627811456,SJ
226,Capitan Bado,-23.2667,-55.5333,51.35,94,100,8.23,1627811456,PY
227,General Cepeda,25.3833,-101.45,70.05,64,23,1.95,1627811456,MX
228,Lasa,46.6166,10.7002,67.03,87,99,2.59,1627811456,IT
229,Ngunguru,-35.6167,174.5,50.16,89,69,7.76,1627811456,NZ
230,Yar-Sale,66.8333,70.8333,62.98,60,100,10.8,1627811286,RU
231,Talnakh,69.4865,88.3972,52.59,94,100,9.55,1627811457,RU
232,El Monte,34.0686,-118.0276,84.16,55,41,2.19,1627811457,US
233,Provideniya,64.3833,-173.3,44.13,79,100,4.81,1627811457,RU
234,Yumen,40.2833,97.2,88.05,18,53,19.55,1627811457,CN
235,Paamiut,61.994,-49.6678,44.69,84,100,4.09,1627811457,GL
236,Itapirapua,-15.8233,-50.6133,66.22,48,82,4.18,1627811457,BR
237,Ballina,-28.8667,153.5667,71.78,77,0,10.36,1627811457,AU
238,Jieshi,22.8134,115.8257,86.95,83,100,15.68,1627811457,CN
239,Thio,-21.6167,166.2167,60.76,65,10,7.2,1627811458,NC
240,Poum,-20.2333,164.0167,69.6,58,15,19.66,1627811458,NC
241,Nikolskoye,59.7035,30.7861,69.69,89,89,7.43,1627811458,RU
242,Doctor Juan Manuel Frutos,-25.3667,-55.8,50.59,86,90,3.58,1627811458,PY
243,Gladstone,-23.85,151.25,67.93,83,5,6.91,1627811458,AU
244,Bethel,41.3712,-73.414,61.02,91,1,0.0,1627811458,US
245,Vao,-22.6667,167.4833,67.6,60,71,20.65,1627811458,NC
246,Jishou,28.3167,109.7167,92.59,60,66,2.35,1627811458,CN
247,Lisala,2.15,21.5167,81.23,63,97,5.79,1627811187,CD
248,Sao Francisco De Paula,-29.4481,-50.5836,42.04,86,64,4.18,1627811459,BR
249,Coihaique,-45.5752,-72.0662,44.55,53,0,8.05,1627811459,CL
250,Zhuhai,22.2769,113.5678,86.72,83,40,4.61,1627811422,CN
251,Ribeira Grande,38.5167,-28.7,73.8,83,40,9.22,1627811459,PT
252,Geelong,-38.1471,144.3607,52.92,79,75,1.99,1627811459,AU
253,Anadyr,64.75,177.4833,46.9,81,20,6.71,1627811302,RU
254,Kasongo-Lunda,-6.4667,16.8167,95.52,13,28,3.58,1627811459,CD
255,Korba,22.35,82.6833,77.49,87,100,10.31,1627811459,IN
256,Moindou,-21.6924,165.677,60.75,59,74,10.51,1627811459,NC
257,Honningsvag,70.9821,25.9704,45.41,80,100,9.13,1627811460,NO
258,Williams Lake,52.1415,-122.1445,67.57,80,75,2.3,1627811460,CA
259,Nelson Bay,-32.7167,152.15,64.76,86,84,8.39,1627811460,AU
260,Nara,34.6851,135.8049,87.12,71,98,0.65,1627811460,JP
261,Sola,-13.8833,167.55,75.87,73,75,4.61,1627811460,VU
262,Geraldton,-28.7667,114.6,59.41,63,90,13.8,1627811460,AU
263,Atar,20.5169,-13.0499,91.45,33,55,6.91,1627811461,MR
264,Balakhta,55.38,91.6,73.72,53,73,3.76,1627811461,RU
265,Meulaboh,4.1363,96.1285,79.32,84,100,1.99,1627811461,ID
266,Qatana,33.4354,36.0815,91.83,19,0,7.36,1627811461,SY
267,Biskamzha,53.4497,89.5272,73.36,42,97,3.49,1627811461,RU
268,Novopokrovka,49.8425,36.5477,91.78,28,0,5.44,1627811461,UA
269,San Juan,-31.5375,-68.5364,44.06,49,12,0.69,1627811461,AR
270,Sao Filipe,14.8961,-24.4956,75.58,80,53,10.74,1627811461,CV
271,Popondetta,-8.7537,148.2534,73.67,82,67,1.48,1627811462,PG
272,Kibaya,-5.3,36.5667,70.2,41,78,9.1,1627811462,TZ
273,Parakou,9.3372,2.6303,79.92,71,80,7.07,1627811462,BJ
274,Dalhousie,32.5333,75.9833,70.34,74,16,3.36,1627811462,IN
275,Kungurtug,50.5994,97.5228,52.65,97,100,4.03,1627811462,RU
276,Nizhneangarsk,55.7833,109.55,54.5,78,71,4.03,1627811462,RU
277,Vestmannaeyjar,63.4427,-20.2734,54.59,94,90,5.75,1627811462,IS
278,Half Moon Bay,37.4636,-122.4286,63.75,89,90,0.0,1627811462,US
279,Druzhba,52.0428,33.9453,85.8,38,81,10.67,1627811463,UA
280,Sao Raimundo Das Mangabeiras,-7.0219,-45.4811,74.05,63,61,8.81,1627811463,BR
281,Camacha,33.0833,-16.3333,69.22,64,20,13.8,1627811463,PT
282,West Bay,19.3667,-81.4167,83.07,85,1,1.99,1627811463,KY
283,Aklavik,68.2191,-135.0107,70.63,51,100,9.22,1627811463,CA
284,Havelock,34.8791,-76.9013,80.94,96,64,1.52,1627811463,US
285,Knokke-Heist,51.3333,3.3333,68.0,85,77,5.01,1627811246,BE
286,Keetmanshoop,-26.5833,18.1333,67.12,24,0,10.36,1627811463,NA
287,Trairi,-3.2778,-39.2689,74.86,72,36,11.32,1627811464,BR
288,Wlingi,-8.0776,112.3311,74.95,82,81,8.99,1627811464,ID
289,Hambantota,6.1241,81.1185,95.34,49,20,17.27,1627811464,LK
290,Gurupa,-1.405,-51.64,72.14,98,98,2.13,1627811464,BR
291,Pallasovka,50.05,46.8833,98.31,12,5,3.94,1627811464,RU
292,Tonantins,-2.8731,-67.8022,70.75,68,100,1.72,1627811464,BR
293,Rochester,43.1548,-77.6156,63.09,85,75,1.01,1627811464,US
294,Narsaq,60.9167,-46.05,49.48,74,100,3.98,1627811465,GL
295,Kemijarvi,66.7131,27.4306,66.06,61,99,8.12,1627811465,FI
296,Nizwa,22.9333,57.5333,106.79,13,12,5.48,1627811465,OM
297,Corigliano Calabro,39.595,16.5177,104.47,19,34,4.29,1627811391,IT
298,Landerneau,48.4525,-4.2525,65.61,82,75,10.36,1627811465,FR
299,Arraial Do Cabo,-22.9661,-42.0278,64.36,94,40,3.44,1627811465,BR
300,Beringovskiy,63.05,179.3167,46.22,82,100,3.44,1627811465,RU
301,Fort Nelson,58.8053,-122.7002,60.39,88,1,2.3,1627811465,CA
302,Porto Belo,-27.1578,-48.5531,59.16,85,100,4.23,1627811465,BR
303,Fraga,41.5229,0.3489,72.3,36,14,11.59,1627811465,ES
304,Sao Gabriel Da Cachoeira,-0.1303,-67.0892,71.47,80,99,1.74,1627811465,BR
305,Linqiong,30.4159,103.4609,102.02,58,0,4.12,1627811466,CN
306,Lagoa,39.05,-27.9833,71.06,90,20,13.94,1627811466,PT
307,Ambulu,-8.345,113.6058,78.98,73,68,9.15,1627811466,ID
308,Guerrero Negro,27.9769,-114.0611,70.61,83,6,7.29,1627811466,MX
309,Golaghat,26.5167,93.9667,87.98,72,35,5.55,1627811466,IN
310,Lompoc,34.6391,-120.4579,60.48,98,90,4.61,1627811466,US
311,Saint-Philippe,-21.3585,55.7679,76.21,77,39,16.64,1627811466,RE
312,Oussouye,12.485,-16.5469,78.98,80,97,9.42,1627811466,SN
313,Bandarbeyla,9.4942,50.8122,91.62,40,56,26.33,1627811466,SO
314,Hluti,-27.2167,31.6167,82.27,11,1,2.44,1627811467,SZ
315,Gimli,50.6336,-96.9907,59.02,77,6,6.91,1627811467,CA
316,Faanui,-16.4833,-151.75,77.27,66,90,14.47,1627811467,PF
317,Karimpur,23.9667,88.6167,82.33,90,100,7.56,1627811467,IN
318,Russell,32.3502,-85.1999,74.91,91,40,0.0,1627811467,US
319,Weyburn,49.6668,-103.8511,55.62,76,0,2.3,1627811467,CA
320,Fukue,32.6881,128.8419,82.76,94,75,6.91,1627811467,JP
321,Carutapera,-1.195,-46.02,75.16,90,80,4.63,1627811467,BR
322,Gorom-Gorom,14.4439,-0.2361,86.95,51,23,12.97,1627811467,BF
323,Puerto Rondon,6.2805,-71.1,70.34,94,34,4.43,1627811468,CO
324,Birjand,32.8663,59.2211,91.87,7,0,9.22,1627811468,IR
325,Broadstairs,51.3591,1.4394,66.2,71,57,1.99,1627811468,GB
326,Pyapon,16.2833,95.6833,79.05,88,100,9.53,1627811468,MM
327,Hvolsvollur,63.7533,-20.2243,56.8,93,100,2.48,1627811468,IS
328,Agadez,19.75,10.25,100.15,7,3,8.77,1627811468,NE
329,Pevek,69.7008,170.3133,32.99,96,96,16.46,1627811468,RU
330,Husavik,66.0449,-17.3389,53.51,62,99,2.62,1627811468,IS
331,Richards Bay,-28.783,32.0377,80.11,25,0,5.88,1627811468,ZA
332,Leh,34.1667,77.5833,74.5,28,70,6.4,1627811469,IN
333,Svetlyy,54.675,20.1347,71.65,59,90,10.94,1627811469,RU
334,Saldanha,-33.0117,17.9442,59.05,82,40,8.34,1627811469,ZA
335,Pimentel,-6.8367,-79.9342,63.0,86,55,1.99,1627811469,PE
336,Chemainus,48.9163,-123.7194,75.16,76,100,1.25,1627811469,CA
337,Remedios,22.4947,-79.5458,77.16,92,10,6.42,1627811469,CU
338,Batamshinskiy,50.5594,58.2747,93.18,18,0,11.39,1627811469,KZ
339,Jalu,29.0331,21.5482,102.07,9,0,7.67,1627811469,LY
340,Kousseri,12.0769,15.0306,82.36,74,20,9.22,1627811470,CM
341,Tsumeb,-19.2333,17.7167,67.55,24,0,17.56,1627811470,NA
342,Cayenne,4.9333,-52.3333,76.08,91,0,3.44,1627811416,GF
343,Kirensk,57.7853,108.1119,78.57,29,69,7.63,1627811470,RU
344,Portland,45.5234,-122.6762,71.29,79,75,1.99,1627811374,US
345,Bairiki,1.3292,172.9752,80.6,78,20,2.3,1627811470,KI
346,Camopi,3.1655,-52.3158,70.21,99,45,1.54,1627811470,GF
347,La Rioja,42.25,-2.5,61.05,41,17,6.85,1627811470,ES
348,Aksu,41.1231,80.2644,89.94,14,100,4.12,1627811470,CN
349,Batsfjord,70.6345,29.7185,50.18,95,100,4.0,1627811470,NO
350,Vardo,70.3705,31.1107,49.57,92,100,7.9,1627811470,NO
351,Gulu,2.7746,32.299,82.18,40,100,7.09,1627811471,UG
352,Mehamn,71.0357,27.8492,45.68,95,100,10.6,1627811471,NO
353,Kieta,-6.2167,155.6333,78.64,87,100,7.29,1627811471,PG
354,Ojinaga,29.5667,-104.4167,81.55,50,1,6.91,1627811471,MX
355,Mtsamboro,-12.6998,45.0689,79.92,69,2,7.49,1627811471,YT
356,Vila Franca Do Campo,37.7167,-25.4333,75.61,79,62,7.2,1627811471,PT
357,Podosinovets,60.2776,47.0659,67.89,63,88,10.16,1627811471,RU
358,Margate,51.3813,1.3862,66.31,71,55,4.0,1627811204,GB
359,Pingzhuang,42.0372,119.2889,70.05,85,92,11.32,1627811472,CN
360,Goma,-1.6792,29.2228,73.69,40,75,20.71,1627811472,CD
361,Aswan,24.0934,32.907,106.9,12,0,3.44,1627811472,EG
362,Kalabo,-14.97,22.6814,77.99,25,0,6.98,1627811472,ZM
363,Buritis,-15.6178,-46.4233,59.79,78,38,4.18,1627811472,BR
364,Iglesias,39.3114,8.535,89.02,54,81,11.23,1627811472,IT
365,Irtyshskiy,58.3333,68.1333,72.61,79,96,8.55,1627811472,RU
366,Grindavik,63.8424,-22.4338,54.55,94,90,6.91,1627811472,IS
367,Sioux Lookout,50.1001,-91.917,57.58,82,75,3.44,1627811472,CA
368,Yucca Valley,34.1142,-116.4322,81.12,43,14,1.99,1627811472,US
369,Kamenka,51.3223,42.7678,89.8,35,2,2.15,1627811473,RU
370,Labuhan,-6.8844,112.2051,85.19,60,32,4.61,1627811473,ID
371,Urumqi,43.801,87.6005,79.75,23,0,6.71,1627811178,CN
372,Arsenyev,44.1631,133.2733,78.85,70,95,5.48,1627811326,RU
373,Ponta Delgada,37.7333,-25.6667,75.92,73,75,9.22,1627811473,PT
374,Mlalo,-4.9333,38.9333,83.3,44,84,14.63,1627811473,TZ
375,Hit,33.6416,42.8251,112.21,8,50,6.51,1627811473,IQ
376,Mehran,33.1222,46.1646,112.48,6,0,6.64,1627811473,IR
377,Angoram,-4.0625,144.0661,76.75,92,9,3.49,1627811473,PG
378,Caucaia,-3.7361,-38.6531,76.03,74,0,9.22,1627811474,BR
379,Harwich,51.9419,1.2844,66.0,79,92,10.71,1627811474,GB
380,Mount Isa,-20.7333,139.5,76.77,33,40,0.0,1627811474,AU
381,Karratha,-20.7377,116.8463,69.57,42,6,12.84,1627811474,AU
382,Luanda,-8.8368,13.2343,75.78,68,34,4.97,1627811465,AO
383,Arbroath,56.5632,-2.5874,60.89,59,56,9.91,1627811474,GB
384,Ust-Uda,54.1742,103.0304,73.26,52,100,5.5,1627811474,RU
385,Xiongzhou,25.1167,114.3,91.54,57,91,2.71,1627811474,CN
386,Kodiak,57.79,-152.4072,53.29,96,88,3.18,1627811475,US
387,Dingle,10.9995,122.6711,80.74,83,96,11.52,1627811475,PH
388,Randolph,35.7001,-79.8164,75.34,93,40,0.0,1627811475,US
389,Baculin,7.4525,126.5842,82.17,86,93,8.52,1627811475,PH
390,Nizhniy Mamon,50.1937,40.5083,91.94,34,9,3.8,1627811475,RU
391,Kahului,20.8947,-156.47,75.22,74,1,18.41,1627811475,US
392,Izvestkovyy,48.9833,131.55,73.24,73,37,11.3,1627811475,RU
393,Eyl,7.9803,49.8164,92.19,35,99,27.78,1627811475,SO
394,Dongying,37.4564,118.4856,81.95,74,85,6.2,1627811475,CN
395,Mortka,59.3322,66.0214,68.07,87,100,4.45,1627811476,RU
396,Quibdo,5.6947,-76.6611,74.66,99,93,2.44,1627811476,CO
397,Bowen,-20.0167,148.2333,70.02,76,0,8.01,1627811476,AU
398,Ahipara,-35.1667,173.1667,51.84,85,0,4.18,1627811476,NZ
399,Walvis Bay,-22.9575,14.5053,83.35,16,0,26.46,1627811476,NA
400,Quelimane,-17.8786,36.8883,75.15,64,40,5.01,1627811476,MZ
401,Waycross,31.2136,-82.354,77.61,96,90,4.61,1627811476,US
402,Svetlogorsk,52.6333,29.7333,81.12,51,33,5.93,1627811476,BY
403,Buraydah,26.326,43.975,104.45,7,2,6.02,1627811476,SA
404,Umm Kaddadah,13.6017,26.6876,89.55,40,30,17.29,1627811477,SD
405,Petropavlovskaya,45.0819,40.4512,95.14,25,0,5.32,1627811477,RU
406,Ust-Tsilma,65.441,52.1498,64.92,83,100,8.08,1627811477,RU
407,Omboue,-1.5746,9.2618,76.73,75,88,6.73,1627811477,GA
408,Lethem,3.3803,-59.7968,72.32,94,99,2.77,1627811477,GY
409,Khuzdar,27.7384,66.6434,99.46,8,72,16.4,1627811477,PK
410,Ancud,-41.8697,-73.8203,31.53,83,41,3.51,1627811477,CL
411,Vostok,46.4856,135.8833,74.14,69,84,4.79,1627811477,RU
412,Pisco,-13.7,-76.2167,62.02,88,90,5.75,1627811346,PE
413,Ilulissat,69.2167,-51.1,44.33,70,58,6.96,1627811478,GL
414,Newcastle,-32.9272,151.7765,66.09,82,90,3.0,1627811478,AU
415,Hilton Head Island,32.2163,-80.7526,81.99,81,1,0.0,1627811478,US
416,Along,28.1667,94.7667,83.46,89,46,2.84,1627811478,IN
417,Raudeberg,61.9875,5.1352,57.87,70,42,26.26,1627811478,NO
418,Kang,-23.6752,22.7876,67.95,22,0,8.1,1627811478,BW
419,Asosa,10.0667,34.5333,67.14,85,100,5.88,1627811478,ET
420,Cockburn Town,21.4612,-71.1419,82.18,80,10,21.09,1627811478,TC
421,Charlestown,-32.95,151.6667,66.11,80,97,5.01,1627811479,AU
422,Boueni,-12.9025,45.0761,80.58,71,7,11.18,1627811479,YT
423,Vilyuysk,63.7553,121.6247,82.33,38,4,3.76,1627811479,RU
424,Altay,47.8667,88.1167,81.84,25,24,14.0,1627811479,CN
425,Bilibino,68.0546,166.4372,38.53,65,95,8.61,1627811479,RU
426,Oksfjord,70.2396,22.3479,48.27,80,98,4.27,1627811479,NO
427,Ixtapa,20.7,-105.2,80.22,88,100,3.53,1627811479,MX
428,Saint-Georges,12.0564,-61.7485,80.28,89,20,6.91,1627811215,GD
429,Lucapa,-8.4192,20.7447,85.37,17,36,9.17,1627811480,AO
430,Kattivakkam,13.2167,80.3167,95.09,44,100,7.45,1627811480,IN
431,Chillicothe,39.3331,-82.9824,64.33,100,40,0.0,1627811480,US
432,Mlonggo,-6.5333,110.7,87.69,68,40,6.82,1627811480,ID
433,Sabang,5.8933,95.3214,82.76,73,62,27.81,1627811480,ID
434,Shahreza,32.0339,51.8794,92.21,14,16,12.46,1627811480,IR
435,Kabare,-2.4683,28.8242,74.91,38,53,6.22,1627811481,CD
436,Yuksekova,37.5736,44.2872,77.63,59,62,7.4,1627811481,TR
437,Chalus,36.655,51.4204,83.66,79,40,16.11,1627811291,IR
438,San Cristobal,7.7669,-72.225,65.19,97,91,5.91,1627811481,VE
439,Hurghada,27.2574,33.8129,96.84,36,0,5.75,1627811263,EG
440,Juneau,58.3019,-134.4197,64.4,77,40,10.36,1627811481,US
441,Ankazobe,-18.3167,47.1167,66.61,38,4,13.76,1627811481,MG
442,Fairbanks,64.8378,-147.7164,66.2,70,1,3.44,1627811481,US
443,Malanje,-9.5402,16.341,71.98,68,75,9.22,1627811482,AO
444,Nanortalik,60.1432,-45.2371,50.0,80,100,19.28,1627811482,GL
445,Qrendi,35.8347,14.4583,94.66,38,0,5.75,1627811482,MT
446,Midland,31.9974,-102.0779,81.27,57,1,5.75,1627811482,US
447,Bielsk Podlaski,52.7651,23.1865,79.25,46,78,1.92,1627811482,PL
448,Sarkand,45.41,79.9186,88.93,6,0,12.03,1627811482,KZ
449,Kloulklubed,7.0419,134.2556,84.61,74,100,12.35,1627811482,PW
450,Kaniama,-7.5667,24.1833,85.8,22,10,9.08,1627811482,CD
451,San Jose,37.3394,-121.895,64.11,84,1,4.61,1627811483,US
452,Delesti,46.7,27.55,85.6,43,0,4.25,1627811483,RO
453,Aranos,-24.1333,19.1167,68.38,21,0,11.97,1627811483,NA
454,Desbiens,48.4178,-71.9495,52.45,83,38,7.09,1627811483,CA
455,Filadelfia,39.9523,-75.1638,66.31,88,75,0.0,1627811364,US
456,Jiangyou,31.7667,104.7167,92.28,58,0,5.84,1627811483,CN
457,Faya,18.3851,42.4509,78.91,52,25,11.92,1627811483,SA
458,Suzun,53.7841,82.3116,84.52,31,39,6.51,1627811483,RU
459,Visnes,59.3556,5.2242,61.57,77,40,19.57,1627811483,NO
460,Akdepe,42.0551,59.3788,100.4,9,0,15.23,1627811484,TM
461,Inuvik,68.3499,-133.7218,70.66,50,75,8.05,1627811484,CA
462,Colares,38.7992,-9.4469,74.44,65,20,10.0,1627811484,PT
463,Vila Do Maio,15.1333,-23.2167,77.79,75,96,14.45,1627811484,CV
464,Sainte-Savine,48.2964,4.0464,69.13,60,90,4.61,1627811431,FR
465,Hearst,49.6835,-83.6665,52.05,90,87,4.18,1627811484,CA
466,Sorong,-0.8833,131.25,82.76,78,86,11.43,1627811484,ID
467,Beloha,-25.1667,45.05,78.31,36,0,11.9,1627811484,MG
468,Vega De Alatorre,20.0333,-96.6333,76.86,79,6,3.47,1627811485,MX
469,Tamworth,52.634,-1.6959,62.46,80,97,1.99,1627811485,GB
470,Sao Joao Da Barra,-21.6403,-41.0511,60.89,62,100,10.4,1627811485,BR
471,Raga,8.4596,25.678,76.32,86,99,5.53,1627811485,SS
472,Myitkyina,25.3833,97.4,78.64,93,99,1.48,1627811485,MM
473,Tessalit,20.1986,1.0114,92.64,32,91,14.99,1627811486,ML
474,Niquero,20.0431,-77.5828,78.33,88,36,5.7,1627811486,CU
475,Tefe,-3.3542,-64.7114,72.1,63,95,2.98,1627811486,BR
476,Nha Trang,12.25,109.1833,93.2,60,100,2.44,1627811486,VN
477,Elat,29.5581,34.9482,96.64,28,0,0.0,1627811369,IL
478,Laytown,53.6819,-6.2392,58.89,65,17,12.41,1627811486,IE
479,Severo-Kurilsk,50.6789,156.125,50.72,83,69,18.01,1627811486,RU
480,Rocha,-34.4833,-54.3333,42.06,91,0,2.01,1627811486,UY
481,Dudinka,69.4058,86.1778,60.28,69,88,17.13,1627811486,RU
482,Muros,42.7762,-9.0603,68.99,81,71,7.11,1627811487,ES
483,Adrar,20.5022,-10.0711,92.08,34,77,14.47,1627811487,MR
484,Amurzet,47.6967,131.0981,85.17,51,100,11.3,1627811487,RU
485,Tezu,27.9167,96.1667,86.97,77,46,1.45,1627811487,IN
486,Pueblo Nuevo Solistahuacan,17.1,-92.8833,57.7,96,91,1.7,1627811487,MX
487,Moose Factory,51.2585,-80.6094,42.8,87,1,4.61,1627811487,CA
488,Bilma,18.6853,12.9164,101.34,16,3,10.6,1627811487,NE
489,Hualmay,-11.0964,-77.6139,61.9,88,83,7.0,1627811487,PE
490,Sorland,67.667,12.6934,48.83,72,69,11.34,1627811487,NO
491,Phuthaditjhaba,-28.5242,28.8158,66.67,10,11,6.06,1627811488,ZA
492,Lufilufi,-13.8745,-171.5986,80.38,78,91,19.13,1627811488,WS
493,Berlevag,70.8578,29.0864,48.22,97,100,1.59,1627811488,NO
494,Port Hedland,-20.3167,118.5667,73.45,43,4,13.8,1627811488,AU
495,Tarakan,3.3,117.6333,87.3,74,20,8.05,1627811488,ID
496,Taltal,-25.4,-70.4833,58.6,71,9,3.0,1627811488,CL
497,San Patricio,28.017,-97.5169,84.07,84,40,6.96,1627811488,US
498,Hofn,64.2539,-15.2082,50.02,93,90,5.75,1627811488,IS
499,Belmonte,-15.8631,-38.8828,63.1,84,99,12.48,1627811488,BR
500,Westport,41.1415,-73.3579,65.95,88,1,3.0,1627811489,US
501,Olkhovatka,50.2831,39.2872,90.27,33,0,0.25,1627811489,RU
502,Hohhot,40.8106,111.6522,79.09,25,0,13.42,1627811489,CN
503,Obzor,42.8167,27.8833,88.34,59,0,10.63,1627811489,BG
504,Osa,57.2829,55.4567,77.83,49,3,15.39,1627811489,RU
505,West Wendover,40.7391,-114.0733,70.81,68,1,6.91,1627811489,US
506,Isangel,-19.55,169.2667,69.57,60,0,16.02,1627811489,VU
507,Nishihara,26.1842,127.7558,82.06,95,75,13.8,1627811489,JP
508,Romitan,39.9343,64.3814,96.75,15,0,16.11,1627811490,UZ
509,Vyartsilya,62.1764,30.693,65.64,83,99,8.59,1627811490,RU
510,Inhambane,-23.865,35.3833,75.18,57,20,5.99,1627811490,MZ
511,Dalvik,65.9702,-18.5286,53.53,68,100,1.28,1627811490,IS
512,Abu Dhabi,24.4667,54.3667,113.11,11,0,6.91,1627811346,AE
513,Abonnema,4.7084,6.7931,83.21,65,100,7.0,1627811490,NG
514,Sept-Iles,50.2001,-66.3821,56.05,87,75,4.61,1627811490,CA
515,Aykhal,66.0,111.5,78.8,27,0,5.23,1627811490,RU
516,Necochea,-38.5473,-58.7368,40.71,82,0,2.1,1627811490,AR
517,Gualaceo,-2.9,-78.7833,53.96,96,100,5.03,1627811491,EC
518,Zeya,53.75,127.2667,54.43,99,100,4.43,1627811491,RU
519,Christchurch,-43.5333,172.6333,51.91,86,90,5.01,1627811353,NZ
520,Buala,-8.145,159.5921,78.69,84,100,5.82,1627811491,SB
521,Neka,36.6508,53.299,89.11,58,20,11.5,1627811491,IR
522,Grand-Lahou,5.1367,-5.0242,78.4,79,100,7.7,1627811491,CI
523,Portobelo,9.55,-79.65,79.21,87,100,9.53,1627811491,PA
524,Lamu,-2.2717,40.902,82.62,66,93,19.3,1627811491,KE
525,Tateyama,34.9833,139.8667,86.02,81,0,9.75,1627811492,JP
526,Tari,12.4086,4.4914,86.25,58,58,13.18,1627811492,NG
527,Hailey,43.5196,-114.3153,62.46,94,75,11.5,1627811492,US
528,Bulgan,48.8125,103.5347,65.66,71,100,2.1,1627811492,MN
529,Ajdabiya,30.7554,20.2263,95.0,28,0,13.09,1627811492,LY
530,Kyabe,9.4515,18.9449,77.67,81,100,6.69,1627811492,TD
531,Auki,-8.7676,160.7034,76.69,87,100,8.03,1627811492,SB
532,Rampura,30.25,75.2333,95.25,52,61,2.77,1627811492,IN
533,Wagar,16.1525,36.2032,86.22,52,100,17.56,1627811492,SD
534,Daru,-9.0763,143.2092,76.8,81,31,17.63,1627811492,PG
535,Toora-Khem,52.4675,96.11,61.97,71,100,6.26,1627811493,RU
536,Torbat-E Jam,35.244,60.6225,90.37,8,0,23.35,1627811493,IR
537,Warrnambool,-38.3833,142.4833,47.61,88,91,9.6,1627811493,AU
538,Caravelas,-17.7125,-39.2481,69.22,64,79,11.52,1627811493,BR
539,Moron,-34.6534,-58.6198,46.98,97,0,4.34,1627811493,AR
540,Jerez,14.1,-89.75,65.35,98,99,3.74,1627811493,GT
541,Collie,-33.3667,116.15,48.97,67,5,7.67,1627811493,AU
542,Aras,42.5617,-2.356,65.75,45,0,9.22,1627811493,ES
543,San Pedro,14.35,121.0167,87.03,75,20,20.71,1627811493,PH
544,Nizhniy Odes,63.6445,54.856,62.01,80,75,5.86,1627811418,RU
545,Birobidzhan,48.8,132.95,72.14,69,66,12.59,1627811481,RU
546,Puerto Baquerizo Moreno,-0.9,-89.6,70.36,86,35,10.71,1627811415,EC
547,Abong Mbang,3.9833,13.1833,71.6,89,100,3.49,1627811494,CM
548,Lakselv,70.0513,24.9718,48.02,93,90,10.36,1627811494,NO
549,Neepawa,50.2289,-99.4664,50.81,58,0,5.01,1627811494,CA
550,La Cruz,23.9167,-106.9,78.48,95,100,3.44,1627811494,MX
551,Sharan,54.8167,54.0,86.22,30,76,12.35,1627811494,RU
552,At-Bashi,41.1702,75.8106,79.0,22,53,2.35,1627811494,KG
553,Los Llanos De Aridane,28.6585,-17.9182,71.13,85,40,20.71,1627811495,ES
554,Suntar,62.1444,117.6319,79.39,38,100,6.64,1627811265,RU
